{
    "camera_matrix": [
        [
            807.7301596219263,
            0.0,
            384.522119204766
        ],
        [
            0.0,
            654.5113084112533,
            312.01433935690295
        ],
        [
            0.0,
            0.0,
            1.0
        ]
    ],
    "dist_coeffs": [
        [
            0.9395628083548043
        ],
        [
            0.5192428807572629
        ],
        [
            0.03429960506075541
        ],
        [
            -0.3272926605549104
        ],
        [
            -0.263538382928667
        ]
    ],
    "rvecs": [
        [
            [
                1.325888221168116
            ],
            [
                1.4383639214474326
            ],
            [
                -1.1876560586806604
            ]
        ]
    ],
    "tvecs": [
        [
            [
                64.91704248395445
            ],
            [
                -10.237281235304621
            ],
            [
                500.8695336050169
            ]
        ]
    ]
}