{
    "camera_matrix": [
        [
            400.4105355837612,
            0.0,
            348.86618707772595
        ],
        [
            0.0,
            406.18292723192764,
            168.8051794125266
        ],
        [
            0.0,
            0.0,
            1.0
        ]
    ],
    "dist_coeffs": [
        [
            -1.3563550085512632
        ],
        [
            6.432247665256435
        ],
        [
            -0.00785976030066993
        ],
        [
            0.08227487005080779
        ],
        [
            -10.446787094515926
        ]
    ],
    "rvecs": [
        [
            [
                1.238300172967135
            ],
            [
                1.266081220278569
            ],
            [
                -1.1628418110923031
            ]
        ]
    ],
    "tvecs": [
        [
            [
                7.313462129016099
            ],
            [
                62.71108903681708
            ],
            [
                450.8839498606974
            ]
        ]
    ]
}