{
    "camera_matrix": [
        [
            355.34866769266415,
            0.0,
            313.76221835826675
        ],
        [
            0.0,
            388.18288402784367,
            193.49831999912325
        ],
        [
            0.0,
            0.0,
            1.0
        ]
    ],
    "dist_coeffs": [
        [
            -0.5759609971096491
        ],
        [
            43.1943478381975
        ],
        [
            -0.040597304474631585
        ],
        [
            0.011814444825027822
        ],
        [
            -351.490048871522
        ]
    ],
    "rvecs": [
        [
            [
                0.9436432188248693
            ],
            [
                1.8123541610615208
            ],
            [
                -1.5560861676540862
            ]
        ]
    ],
    "tvecs": [
        [
            [
                7.521496165407033
            ],
            [
                20.659584277238284
            ],
            [
                486.8080562922728
            ]
        ]
    ]
}