{
    "camera_matrix": [
        [
            515.2714380437995,
            0.0,
            425.0643241111058
        ],
        [
            0.0,
            549.5855640469327,
            237.8666225271246
        ],
        [
            0.0,
            0.0,
            1.0
        ]
    ],
    "dist_coeffs": [
        [
            -1.7453185310522457
        ],
        [
            58.177113588695526
        ],
        [
            -0.05219297003204864
        ],
        [
            -0.006070907743840344
        ],
        [
            -392.13103813179896
        ]
    ],
    "rvecs": [
        [
            [
                0.9312866088851374
            ],
            [
                1.7724297941351614
            ],
            [
                -1.5764078660816159
            ]
        ]
    ],
    "tvecs": [
        [
            [
                5.948243407428325
            ],
            [
                41.06804893339342
            ],
            [
                501.89174171970893
            ]
        ]
    ]
}