{
    "chessboard_params": {
        "small_chessboard_size": [
            8,
            8
        ],
        "small_square_size": 10.0,
        "large_square_width": 100.0,
        "large_square_height": 75.0,
        "vertical_offset": -15.0,
        "num_large_squares_x": 3,
        "num_large_squares_y": 6
    },
    "grid_rects": [
        [
            [
                0.33070285320281984,
                0.7812733968098958
            ],
            [
                0.5804016590118408,
                0.7827909681532118
            ],
            [
                0.5446644306182862,
                0.6523193359375
            ],
            [
                0.353275728225708,
                0.6458693610297309
            ]
        ],
        [
            [
                0.5804016590118408,
                0.7827909681532118
            ],
            [
                0.8216151237487793,
                0.7915661282009548
            ],
            [
                0.7306232452392578,
                0.6608818901909722
            ],
            [
                0.5446644306182862,
                0.6523193359375
            ]
        ],
        [
            [
                0.8216151237487793,
                0.7915661282009548
            ],
            [
                0.9928627014160156,
                0.7660894605848524
            ],
            [
                0.9110917091369629,
                0.6664009518093533
            ],
            [
                0.7306232452392578,
                0.6608818901909722
            ]
        ],
        [
            [
                0.353275728225708,
                0.6458693610297309
            ],
            [
                0.5446644306182862,
                0.6523193359375
            ],
            [
                0.5226716995239258,
                0.5708377414279514
            ],
            [
                0.3670217752456665,
                0.5625379774305556
            ]
        ],
        [
            [
                0.5446644306182862,
                0.6523193359375
            ],
            [
                0.7306232452392578,
                0.6608818901909722
            ],
            [
                0.6734123706817627,
                0.5783237033420139
            ],
            [
                0.5226716995239258,
                0.5708377414279514
            ]
        ],
        [
            [
                0.7306232452392578,
                0.6608818901909722
            ],
            [
                0.9110917091369629,
                0.6664009518093533
            ],
            [
                0.8255373001098633,
                0.585084491305881
            ],
            [
                0.6734123706817627,
                0.5783237033420139
            ]
        ],
        [
            [
                0.3670217752456665,
                0.5625379774305556
            ],
            [
                0.5226716995239258,
                0.5708377414279514
            ],
            [
                0.5076601028442382,
                0.5146491156684028
            ],
            [
                0.3762729406356812,
                0.5057564205593533
            ]
        ],
        [
            [
                0.5226716995239258,
                0.5708377414279514
            ],
            [
                0.6734123706817627,
                0.5783237033420139
            ],
            [
                0.6346797466278076,
                0.5216507805718316
            ],
            [
                0.5076601028442382,
                0.5146491156684028
            ]
        ],
        [
            [
                0.6734123706817627,
                0.5783237033420139
            ],
            [
                0.8255373001098633,
                0.585084491305881
            ],
            [
                0.763002586364746,
                0.5276040395100912
            ],
            [
                0.6346797466278076,
                0.5216507805718316
            ]
        ],
        [
            [
                0.3762729406356812,
                0.5057564205593533
            ],
            [
                0.5076601028442382,
                0.5146491156684028
            ],
            [
                0.4967130184173584,
                0.4733726077609592
            ],
            [
                0.38293981552124023,
                0.4644351535373264
            ]
        ],
        [
            [
                0.5076601028442382,
                0.5146491156684028
            ],
            [
                0.6346797466278076,
                0.5216507805718316
            ],
            [
                0.6066832065582275,
                0.4801341586642795
            ],
            [
                0.4967130184173584,
                0.4733726077609592
            ]
        ],
        [
            [
                0.6346797466278076,
                0.5216507805718316
            ],
            [
                0.763002586364746,
                0.5276040395100912
            ],
            [
                0.7172039985656739,
                0.48552029927571616
            ],
            [
                0.6066832065582275,
                0.4801341586642795
            ]
        ],
        [
            [
                0.38293981552124023,
                0.4644351535373264
            ],
            [
                0.4967130184173584,
                0.4733726077609592
            ],
            [
                0.4883564472198486,
                0.4416916317409939
            ],
            [
                0.3879816770553589,
                0.4329563988579644
            ]
        ],
        [
            [
                0.4967130184173584,
                0.4733726077609592
            ],
            [
                0.6066832065582275,
                0.4801341586642795
            ],
            [
                0.5854460716247558,
                0.448281987508138
            ],
            [
                0.4883564472198486,
                0.4416916317409939
            ]
        ],
        [
            [
                0.6066832065582275,
                0.4801341586642795
            ],
            [
                0.7172039985656739,
                0.48552029927571616
            ],
            [
                0.6825090885162354,
                0.45336172315809464
            ],
            [
                0.5854460716247558,
                0.448281987508138
            ]
        ],
        [
            [
                0.3879816770553589,
                0.4329563988579644
            ],
            [
                0.4883564472198486,
                0.4416916317409939
            ],
            [
                0.48175907135009766,
                0.41657558017306856
            ],
            [
                0.3919329881668091,
                0.40815120273166233
            ]
        ],
        [
            [
                0.4883564472198486,
                0.4416916317409939
            ],
            [
                0.5854460716247558,
                0.448281987508138
            ],
            [
                0.5687480449676514,
                0.4230035569932726
            ],
            [
                0.48175907135009766,
                0.41657558017306856
            ]
        ],
        [
            [
                0.5854460716247558,
                0.448281987508138
            ],
            [
                0.6825090885162354,
                0.45336172315809464
            ],
            [
                0.6553507328033448,
                0.42791404724121096
            ],
            [
                0.5687480449676514,
                0.4230035569932726
            ]
        ]
    ],