{
    "chessboard_params": {
        "small_chessboard_size": [
            8,
            8
        ],
        "small_square_size": 10.0,
        "large_square_width": 100.0,
        "large_square_height": 75.0,
        "vertical_offset": -15.0,
        "num_large_squares_x": 3,
        "num_large_squares_y": 6
    },
    "grid_rects": [
        [
            [
                0.3307041168212891,
                0.7812762790256076
            ],
            [
                0.5803963661193847,
                0.7827862209743923
            ],
            [
                0.5446532249450684,
                0.6523080190022786
            ],
            [
                0.35327270030975344,
                0.6458733876546224
            ]
        ],
        [
            [
                0.5803963661193847,
                0.7827862209743923
            ],
            [
                0.8214136123657226,
                0.7914644029405382
            ],
            [
                0.7305627822875976,
                0.6608579847547743
            ],
            [
                0.5446532249450684,
                0.6523080190022786
            ]
        ],
        [
            [
                0.8214136123657226,
                0.7914644029405382
            ],
            [
                0.9886306762695313,
                0.764349365234375
            ],
            [
                0.9104107856750489,
                0.6662519243028429
            ],
            [
                0.7305627822875976,
                0.6608579847547743
            ]
        ],
        [
            [
                0.35327270030975344,
                0.6458733876546224
            ],
            [
                0.5446532249450684,
                0.6523080190022786
            ],
            [
                0.5226517200469971,
                0.5708254496256511
            ],
            [
                0.36701383590698244,
                0.562546624077691
            ]
        ],
        [
            [
                0.5446532249450684,
                0.6523080190022786
            ],
            [
                0.7305627822875976,
                0.6608579847547743
            ],
            [
                0.6733647346496582,
                0.5783036973741319
            ],
            [
                0.5226517200469971,
                0.5708254496256511
            ]
        ],
        [
            [
                0.7305627822875976,
                0.6608579847547743
            ],
            [
                0.9104107856750489,
                0.6662519243028429
            ],
            [
                0.8253213882446289,
                0.5850619422064887
            ],
            [
                0.6733647346496582,
                0.5783036973741319
            ]
        ],
        [
            [
                0.36701383590698244,
                0.562546624077691
            ],
            [
                0.5226517200469971,
                0.5708254496256511
            ],
            [
                0.507632827758789,
                0.5146415710449219
            ],
            [
                0.3762608766555786,
                0.5057728661431207
            ]
        ],
        [
            [
                0.5226517200469971,
                0.5708254496256511
            ],
            [
                0.6733647346496582,
                0.5783036973741319
            ],
            [
                0.6346309185028076,
                0.5216348012288411
            ],
            [
                0.507632827758789,
                0.5146415710449219
            ]
        ],
        [
            [
                0.6733647346496582,
                0.5783036973741319
            ],
            [
                0.8253213882446289,
                0.5850619422064887
            ],
            [
                0.7628782749176025,
                0.5275936974419488
            ],
            [
                0.6346309185028076,
                0.5216348012288411
            ]
        ],
        [
            [
                0.3762608766555786,
                0.5057728661431207
            ],
            [
                0.507632827758789,
                0.5146415710449219
            ],
            [
                0.49668021202087403,
                0.47337311638726126
            ],
            [
                0.3829241991043091,
                0.4644609663221571
            ]
        ],
        [
            [
                0.507632827758789,
                0.5146415710449219
            ],
            [
                0.6346309185028076,
                0.5216348012288411
            ],
            [
                0.6066309928894043,
                0.48012466430664064
            ],
            [
                0.49668021202087403,
                0.47337311638726126
            ]
        ],
        [
            [
                0.6346309185028076,
                0.5216348012288411
            ],
            [
                0.7628782749176025,
                0.5275936974419488
            ],
            [
                0.7171048164367676,
                0.4855141109890408
            ],
            [
                0.6066309928894043,
                0.48012466430664064
            ]
        ],
        [
            [
                0.3829241991043091,
                0.4644609663221571
            ],
            [
                0.49668021202087403,
                0.47337311638726126
            ],
            [
                0.48831944465637206,
                0.44170167711046004
            ],
            [
                0.3879630327224731,
                0.4329920874701606
            ]
        ],
        [
            [
                0.49668021202087403,
                0.47337311638726126
            ],
            [
                0.6066309928894043,
                0.48012466430664064
            ],
            [
                0.585390567779541,
                0.44828054640028214
            ],
            [
                0.48831944465637206,
                0.44170167711046004
            ]
        ],
        [
            [
                0.6066309928894043,
                0.48012466430664064
            ],
            [
                0.7171048164367676,
                0.4855141109890408
            ],
            [
                0.68241868019104,
                0.45336070590549044
            ],
            [
                0.585390567779541,
                0.44828054640028214
            ]
        ],
        [
            [
                0.3879630327224731,
                0.4329920874701606
            ],
            [
                0.48831944465637206,
                0.44170167711046004
            ],
            [
                0.4817188739776611,
                0.4165956285264757
            ],
            [
                0.3919116973876953,
                0.4081965552435981
            ]
        ],
        [
            [
                0.48831944465637206,
                0.44170167711046004
            ],
            [
                0.585390567779541,
                0.44828054640028214
            ],
            [
                0.5686897754669189,
                0.42301084730360244
            ],
            [
                0.4817188739776611,
                0.4165956285264757
            ]
        ],
        [
            [
                0.585390567779541,
                0.44828054640028214
            ],
            [
                0.68241868019104,
                0.45336070590549044
            ],
            [
                0.6552639484405518,
                0.427919430202908
            ],
            [
                0.5686897754669189,
                0.42301084730360244
            ]
        ]
    ],